{"Id":"Facenet","VectorLength":128,"UserRecords":"{\"Maciej\":{\"username\":\"Maciej\",\"vector\":[-1.827034,4.863618,3.8941004,7.321802,4.5811224,4.4005604,3.781504,4.674186,2.3010411,0.33738434,7.6060257,3.2325258,4.345396,-0.3890915,7.20641,-0.119267344,2.4951315,1.2155782,-3.234819,7.5651956,3.5042744,-2.6928535,6.639156,-0.49785233,4.4455137,4.4457493,2.3303359,8.694799,0.10184097,3.1891317,3.6369183,1.3458935,-1.4986687,4.617721,3.812502,6.90242,2.5205028,0.5847734,4.5074644,1.754431,4.798984,7.1791315,0.1887058,7.090617,5.129754,1.702681,7.444371,9.720472,2.7013712,3.7429886,4.4324927,7.888559,6.244663,7.3644466,3.3589668,2.819368,6.781785,8.65843,1.2611562,4.404782,4.2495794,0.8597067,5.514535,7.1161814,7.9957666,2.293251,0.13281423,3.7951286,4.416935,3.8079622,3.0871956,4.8713446,-4.017784,5.4753656,0.767749,6.3429627,2.2995696,9.229509,2.8582282,6.5940323,2.4318717,1.8394265,7.962606,4.0234194,4.696742,2.5683877,6.4170218,2.8527145,-2.4624615,-1.4880109,5.374345,-2.249488,2.694872,6.1423945,3.0440767,8.770557,1.4475739,-0.20858502,4.3535776,4.310658,1.5576408,6.727567,1.8957149,7.6505346,-0.72457266,6.74229,2.173812,0.056449056,6.298327,4.4837503,-0.74349546,4.5652723,6.866904,2.4777918,5.67994,10.864221,2.113276,0.89957047,2.6799529,3.0186274,6.588121,2.0078638,7.2415075,-0.5813992,1.5004004,-0.05548954,6.0116324,5.254534],\"weight\":5},\"Dominik\":{\"username\":\"Dominik\",\"vector\":[2.1575818,2.8558936,5.0114236,2.218611,3.0735168,1.6983802,2.9377146,-0.67902625,2.2646136,0.22589356,1.3815888,5.692724,2.8250418,1.4624326,6.08821,6.0199456,-0.9063506,4.503335,1.597347,1.8847601,2.0771236,3.390572,2.090404,-5.5329394,2.9633079,0.97201747,6.312626,3.1938965,-1.1091635,5.7462487,3.1492114,3.66915,4.1100283,2.8097138,-2.6388,6.3136,6.1588907,-2.0974472,0.30769616,0.88855433,5.6937203,7.3914757,1.8933272,2.4239926,5.947324,0.73806155,2.3603382,2.7822037,2.584302,7.6133194,-1.7604971,-0.1494366,2.9041247,8.560715,3.4901912,-1.9321568,-0.94504786,5.636514,4.417265,2.3096635,3.64744,-0.43569994,4.3749256,5.656347,4.213294,3.220462,1.3078263,4.748946,-0.88739526,4.435976,-0.13652754,6.1824865,2.8592958,0.7677766,2.733829,3.038433,1.4085788,5.5931535,4.9805,4.208292,-3.0886822,3.5016067,1.4731741,6.4344344,4.0403433,-0.8129864,3.8059607,2.1722383,1.3225569,1.4638524,3.1995697,2.5143905,3.8614476,-0.8205229,0.19200325,1.8495445,-3.0888505,2.9359012,4.3226147,2.9015775,5.220561,5.552608,2.2412372,-0.617612,5.425389,5.258276,-3.026822,3.756402,-0.55717456,5.358478,3.2833498,2.923293,3.8095303,4.2512913,5.165018,8.179962,0.28726548,0.28788298,0.11279631,6.3621297,4.2080917,-0.37135923,6.6216655,4.4271297,4.73658,-2.5360355,4.154191,8.446358],\"weight\":4}}"}