{
  "Id": "Facenet",
  "VectorLength": 128,
  "UserRecords": "{\"Maciej\":{\"username\":\"Maciej\",\"vector\":[0.58090484,0.93985325,0.95576835,0.97812814,0.18031555,0.03616196,0.7994177,0.3649513,0.6276767,0.30166602,0.9453582,0.9610565,0.20640469,0.2547825,0.058737278,0.078674614,0.9080374,0.80880904,0.9338442,0.28621,0.22267634,0.19167691,0.68321174,0.71993953,0.6161554,0.46695346,0.14935839,0.9441445,0.18828839,0.59537095,0.48371142,0.032702684,0.21199381,0.15711617,0.3565728,0.79769063,0.24473643,0.82495356,0.98791456,0.7066538,0.095041394,0.6059146,0.036359727,0.24915433,0.6969158,0.37684518,0.65858006,0.15238589,0.48860008,0.65174806,0.6998135,0.55055803,0.069502115,0.1149171,0.83518684,0.70703614,0.09642726,0.7147723,0.52856,0.2236278,0.7189054,0.97364575,0.27885342,0.47782493,0.5007589,0.26623046,0.79206735,0.7642395,0.15390426,0.74480605,0.3498649,0.8170542,0.45921236,0.13664854,0.78271127,0.92029494,0.1721682,0.055277824,0.5277989,0.11450887,0.22779894,0.70259804,0.33063722,0.3525074,0.15522873,0.7968611,0.19615567,0.19183695,0.7882488,0.3481754,0.31300032,0.41433173,0.3810594,0.07856411,0.3565628,0.08836889,0.39008033,0.11004192,0.9559542,0.120284736,0.011279106,0.23765069,0.21203679,0.43896687,0.13132113,0.08381277,0.14279759,0.111157596,0.4890917,0.56780124,0.36445075,0.96187973,0.39651346,0.994781,0.38797688,0.5701298,0.4444291,0.20106536,0.70826876,0.79821074,0.8466174,0.31740528,0.61418325,0.5955536,0.84436524,0.014849901,0.9707733,0.5744893],\"weight\":1},\"Kuba\":{\"username\":\"Kuba\",\"vector\":[0.58090484,0.93985325,0.95576835,0.97812814,0.18031555,0.03616196,0.7994177,0.3649513,0.6276767,0.30166602,0.9453582,0.9610565,0.20640469,0.2547825,0.058737278,0.078674614,0.9080374,0.80880904,0.9338442,0.28621,0.22267634,0.19167691,0.68321174,0.71993953,0.6161554,0.46695346,0.14935839,0.9441445,0.18828839,0.59537095,0.48371142,0.032702684,0.21199381,0.15711617,0.3565728,0.79769063,0.24473643,0.82495356,0.98791456,0.7066538,0.095041394,0.6059146,0.036359727,0.24915433,0.6969158,0.37684518,0.65858006,0.15238589,0.48860008,0.65174806,0.6998135,0.55055803,0.069502115,0.1149171,0.83518684,0.70703614,0.09642726,0.7147723,0.52856,0.2236278,0.7189054,0.97364575,0.27885342,0.47782493,0.5007589,0.26623046,0.79206735,0.7642395,0.15390426,0.74480605,0.3498649,0.8170542,0.45921236,0.13664854,0.78271127,0.92029494,0.1721682,0.055277824,0.5277989,0.11450887,0.22779894,0.70259804,0.33063722,0.3525074,0.15522873,0.7968611,0.19615567,0.19183695,0.7882488,0.3481754,0.31300032,0.41433173,0.3810594,0.07856411,0.3565628,0.08836889,0.39008033,0.11004192,0.9559542,0.120284736,0.011279106,0.23765069,0.21203679,0.43896687,0.13132113,0.08381277,0.14279759,0.111157596,0.4890917,0.56780124,0.36445075,0.96187973,0.39651346,0.994781,0.38797688,0.5701298,0.4444291,0.20106536,0.70826876,0.79821074,0.8466174,0.31740528,0.61418325,0.5955536,0.84436524,0.014849901,0.9707733,0.5744893],\"weight\":1},\"Dominik\":{\"username\":\"Dominik\",\"vector\":[0.58090484,0.93985325,0.95576835,0.97812814,0.18031555,0.03616196,0.7994177,0.3649513,0.6276767,0.30166602,0.9453582,0.9610565,0.20640469,0.2547825,0.058737278,0.078674614,0.9080374,0.80880904,0.9338442,0.28621,0.22267634,0.19167691,0.68321174,0.71993953,0.6161554,0.46695346,0.14935839,0.9441445,0.18828839,0.59537095,0.48371142,0.032702684,0.21199381,0.15711617,0.3565728,0.79769063,0.24473643,0.82495356,0.98791456,0.7066538,0.095041394,0.6059146,0.036359727,0.24915433,0.6969158,0.37684518,0.65858006,0.15238589,0.48860008,0.65174806,0.6998135,0.55055803,0.069502115,0.1149171,0.83518684,0.70703614,0.09642726,0.7147723,0.52856,0.2236278,0.7189054,0.97364575,0.27885342,0.47782493,0.5007589,0.26623046,0.79206735,0.7642395,0.15390426,0.74480605,0.3498649,0.8170542,0.45921236,0.13664854,0.78271127,0.92029494,0.1721682,0.055277824,0.5277989,0.11450887,0.22779894,0.70259804,0.33063722,0.3525074,0.15522873,0.7968611,0.19615567,0.19183695,0.7882488,0.3481754,0.31300032,0.41433173,0.3810594,0.07856411,0.3565628,0.08836889,0.39008033,0.11004192,0.9559542,0.120284736,0.011279106,0.23765069,0.21203679,0.43896687,0.13132113,0.08381277,0.14279759,0.111157596,0.4890917,0.56780124,0.36445075,0.96187973,0.39651346,0.994781,0.38797688,0.5701298,0.4444291,0.20106536,0.70826876,0.79821074,0.8466174,0.31740528,0.61418325,0.5955536,0.84436524,0.014849901,0.9707733,0.5744893],\"weight\":1}}"
}